-- phpMyAdmin SQL Dump
-- version 5.0.4
-- https://www.phpmyadmin.net/
--
-- Хост: 127.0.0.1:3306
-- Время создания: Фев 04 2021 г., 14:16
-- Версия сервера: 8.0.23
-- Версия PHP: 7.4.3

SET SQL_MODE = "NO_AUTO_VALUE_ON_ZERO";
START TRANSACTION;
SET time_zone = "+00:00";


/*!40101 SET @OLD_CHARACTER_SET_CLIENT=@@CHARACTER_SET_CLIENT */;
/*!40101 SET @OLD_CHARACTER_SET_RESULTS=@@CHARACTER_SET_RESULTS */;
/*!40101 SET @OLD_COLLATION_CONNECTION=@@COLLATION_CONNECTION */;
/*!40101 SET NAMES utf8mb4 */;

--
-- База данных: `brizer`
--

-- --------------------------------------------------------

--
-- Структура таблицы `doctor_details`
--

CREATE TABLE `doctor_details` (
  `dd_user_id` int NOT NULL,
  `specialty` varchar(255) CHARACTER SET utf8mb4 COLLATE utf8mb4_0900_ai_ci DEFAULT NULL,
  `specification` varchar(255) CHARACTER SET utf8mb4 COLLATE utf8mb4_0900_ai_ci DEFAULT NULL,
  `experience` varchar(255) CHARACTER SET utf8mb4 COLLATE utf8mb4_0900_ai_ci DEFAULT NULL
) ENGINE=InnoDB DEFAULT CHARSET=utf8mb4 COLLATE=utf8mb4_0900_ai_ci;

--
-- Дамп данных таблицы `doctor_details`
--

INSERT INTO `doctor_details` (`dd_user_id`, `specialty`, `specification`, `experience`) VALUES
(4, 'Кардиолог', 'for test', 'for test'),
(5, 'Ортопед', 'test for doctor2', NULL),
(6, 'ЛОР', 'test for doctor3', NULL),
(9, ' Хирург', '', 'Кандидат медицинских наук'),
(10, 'Терапевт', 'Врач общей практики', 'Доцент');

-- --------------------------------------------------------

--
-- Структура таблицы `page_content`
--

CREATE TABLE `page_content` (
  `pc_id` int NOT NULL,
  `user_role` int NOT NULL,
  `page` varchar(50) NOT NULL,
  `content` text
) ENGINE=InnoDB DEFAULT CHARSET=utf8mb4 COLLATE=utf8mb4_0900_ai_ci;

--
-- Дамп данных таблицы `page_content`
--

INSERT INTO `page_content` (`pc_id`, `user_role`, `page`, `content`) VALUES
(1, 1, 'index', '<p>Роль ADMIN используется для работника регистратуры, доступные функции:<br/>\r\n	Регистрация нового врача.<br/>\r\n	Создание расписания работы врачей<br/>\r\n	Просмотрт архива записей</p>'),
(2, 2, 'index', '<p>Роль DOCTOR используется для работы врача:<br/>\r\n	Открытие примема и составление записи о нем , на сегодншее число.<br/>\r\n	Просмотр архива своих приемов<br/>\r\n	Просмотр будуших записей пациентов</p>'),
(3, 3, 'index', 'Роль PATIENT используется для посетителей, доступные функции:<br/>\r\n	Запись на прием к врачу<br/>\r\n	Просмотр своих будуших записей<br/>\r\n	Отмена записи к врачу<br/>\r\nПросмотр отзывов пациентов о рачах.\r\n'),
(4, 4, 'index', '<p>Роль User использовалась на этапе разработки, для продолжения работы вам необходимо зарегистрироватся повторно.</p>'),
(5, 4, 'test', 'Значение для тестирования работы с базой');

-- --------------------------------------------------------

--
-- Структура таблицы `reviews`
--

CREATE TABLE `reviews` (
  `review_id` int NOT NULL,
  `rw_patient_id` int NOT NULL,
  `rw_doctor_id` int NOT NULL,
  `rec_id` int NOT NULL,
  `review` text NOT NULL
) ENGINE=InnoDB DEFAULT CHARSET=utf8mb4 COLLATE=utf8mb4_0900_ai_ci;

--
-- Дамп данных таблицы `reviews`
--

INSERT INTO `reviews` (`review_id`, `rw_patient_id`, `rw_doctor_id`, `rec_id`, `review`) VALUES
(1, 7, 10, 2, 'Все норм'),
(2, 7, 9, 46, 'Отлично'),
(3, 7, 4, 167, 'РЫБА   РЫБА   РЫБА   РЫБА   РЫБА   РЫБА   РЫБА   РЫБА   РЫБА   РЫБА   РЫБА   РЫБА   РЫБА   РЫБА   РЫБА   РЫБА   РЫБА   РЫБА   РЫБА   РЫБА   РЫБА   РЫБА   РЫБА   РЫБА   РЫБА   РЫБА   РЫБА   РЫБА   РЫБА   РЫБА   РЫБА   РЫБА   РЫБА   РЫБА   РЫБА   РЫБА   РЫБА   РЫБА   РЫБА   РЫБА   РЫБА   РЫБА   РЫБА   РЫБА   РЫБА   РЫБА   РЫБА   РЫБА   РЫБА   РЫБА   РЫБА   РЫБА   РЫБА   РЫБА   РЫБА   РЫБА   РЫБА   РЫБА   РЫБА   РЫБА   РЫБА   РЫБА   РЫБА   РЫБА   РЫБА   РЫБА   РЫБА   РЫБА   РЫБА   РЫБА   РЫБА   РЫБА   РЫБА   РЫБА   РЫБА   РЫБА   РЫБА   РЫБА   РЫБА   РЫБА   РЫБА   РЫБА   РЫБА   РЫБА   РЫБА   РЫБА   РЫБА   РЫБА   РЫБА   РЫБА   РЫБА   РЫБА   РЫБА   РЫБА   РЫБА   РЫБА   РЫБА   РЫБА   РЫБА   РЫБА   РЫБА   РЫБА   РЫБА   РЫБА   РЫБА   РЫБА   РЫБА   РЫБА   РЫБА   РЫБА   РЫБА   РЫБА   РЫБА   РЫБА   РЫБА   РЫБА   РЫБА   РЫБА   РЫБА   РЫБА   РЫБА   РЫБА   РЫБА   РЫБА   ');

-- --------------------------------------------------------

--
-- Структура таблицы `roles`
--

CREATE TABLE `roles` (
  `role_id` int NOT NULL,
  `role_name` varchar(10) NOT NULL
) ENGINE=InnoDB DEFAULT CHARSET=utf8mb4 COLLATE=utf8mb4_0900_ai_ci;

--
-- Дамп данных таблицы `roles`
--

INSERT INTO `roles` (`role_id`, `role_name`) VALUES
(1, 'ADMIN'),
(2, 'DOCTOR'),
(3, 'PATIENT'),
(4, 'User');

-- --------------------------------------------------------

--
-- Структура таблицы `timetable`
--

CREATE TABLE `timetable` (
  `rec_id` int NOT NULL,
  `date_app` date NOT NULL,
  `time_app` time NOT NULL,
  `doctor_id` int NOT NULL,
  `patient_id` int DEFAULT NULL,
  `record` text,
  `visit` tinyint(1) DEFAULT NULL
) ENGINE=InnoDB DEFAULT CHARSET=utf8mb4 COLLATE=utf8mb4_0900_ai_ci;

--
-- Дамп данных таблицы `timetable`
--

INSERT INTO `timetable` (`rec_id`, `date_app`, `time_app`, `doctor_id`, `patient_id`, `record`, `visit`) VALUES
(1, '2021-01-31', '13:00:00', 10, NULL, NULL, NULL),
(2, '2021-01-31', '13:30:00', 10, 7, 'test', 1),
(3, '2021-01-31', '14:00:00', 10, NULL, NULL, NULL),
(4, '2021-01-31', '14:30:00', 10, NULL, NULL, NULL),
(5, '2021-01-31', '15:00:00', 10, NULL, NULL, NULL),
(6, '2021-01-31', '15:30:00', 10, NULL, NULL, NULL),
(7, '2021-01-31', '16:00:00', 10, NULL, NULL, NULL),
(8, '2021-01-31', '16:30:00', 10, NULL, NULL, NULL),
(9, '2021-01-31', '17:00:00', 10, NULL, NULL, NULL),
(10, '2021-01-31', '17:30:00', 10, NULL, NULL, NULL),
(11, '2021-01-31', '18:00:00', 10, NULL, NULL, NULL),
(12, '2021-01-31', '18:30:00', 10, NULL, NULL, NULL),
(13, '2021-02-01', '13:00:00', 10, NULL, NULL, NULL),
(14, '2021-02-01', '13:30:00', 10, NULL, NULL, NULL),
(15, '2021-02-01', '14:00:00', 10, NULL, NULL, NULL),
(16, '2021-02-01', '14:30:00', 10, NULL, NULL, NULL),
(17, '2021-02-01', '15:00:00', 10, NULL, NULL, NULL),
(18, '2021-02-01', '15:30:00', 10, NULL, NULL, NULL),
(19, '2021-02-01', '16:00:00', 10, NULL, NULL, NULL),
(20, '2021-02-01', '16:30:00', 10, NULL, NULL, NULL),
(21, '2021-02-01', '17:00:00', 10, NULL, NULL, NULL),
(22, '2021-02-01', '17:30:00', 10, NULL, NULL, NULL),
(23, '2021-02-01', '18:00:00', 10, NULL, NULL, NULL),
(24, '2021-02-01', '18:30:00', 10, NULL, NULL, NULL),
(25, '2021-02-02', '08:00:00', 10, NULL, NULL, NULL),
(26, '2021-02-02', '08:30:00', 10, NULL, NULL, NULL),
(27, '2021-02-02', '09:00:00', 10, NULL, NULL, NULL),
(28, '2021-02-02', '09:30:00', 10, NULL, NULL, NULL),
(29, '2021-02-02', '10:00:00', 10, NULL, NULL, NULL),
(30, '2021-02-02', '10:30:00', 10, NULL, NULL, NULL),
(31, '2021-02-02', '11:00:00', 10, NULL, NULL, NULL),
(32, '2021-02-02', '11:30:00', 10, NULL, NULL, NULL),
(33, '2021-02-02', '12:00:00', 10, NULL, NULL, NULL),
(34, '2021-02-02', '12:30:00', 10, NULL, NULL, NULL),
(35, '2021-01-31', '13:00:00', 9, NULL, NULL, NULL),
(36, '2021-01-31', '13:30:00', 9, NULL, NULL, NULL),
(37, '2021-01-31', '14:00:00', 9, NULL, NULL, NULL),
(38, '2021-01-31', '14:30:00', 9, NULL, NULL, NULL),
(39, '2021-01-31', '15:00:00', 9, NULL, NULL, NULL),
(40, '2021-01-31', '15:30:00', 9, NULL, NULL, NULL),
(41, '2021-01-31', '16:00:00', 9, NULL, NULL, NULL),
(42, '2021-01-31', '16:30:00', 9, NULL, NULL, NULL),
(43, '2021-01-31', '17:00:00', 9, NULL, NULL, NULL),
(44, '2021-01-31', '17:30:00', 9, NULL, NULL, NULL),
(45, '2021-01-31', '18:00:00', 9, NULL, NULL, NULL),
(46, '2021-01-31', '18:30:00', 9, 7, 'test2', 1),
(47, '2021-02-01', '08:00:00', 9, NULL, NULL, NULL),
(48, '2021-02-01', '08:30:00', 9, NULL, NULL, NULL),
(49, '2021-02-01', '09:00:00', 9, NULL, NULL, NULL),
(50, '2021-02-01', '09:30:00', 9, NULL, NULL, NULL),
(51, '2021-02-01', '10:00:00', 9, NULL, NULL, NULL),
(52, '2021-02-01', '10:30:00', 9, NULL, NULL, NULL),
(53, '2021-02-01', '11:00:00', 9, NULL, NULL, NULL),
(54, '2021-02-01', '11:30:00', 9, NULL, NULL, NULL),
(55, '2021-02-01', '12:00:00', 9, NULL, NULL, NULL),
(56, '2021-02-01', '12:30:00', 9, NULL, NULL, NULL),
(57, '2021-02-02', '13:00:00', 9, NULL, NULL, NULL),
(58, '2021-02-02', '13:30:00', 9, NULL, NULL, NULL),
(59, '2021-02-02', '14:00:00', 9, NULL, NULL, NULL),
(60, '2021-02-02', '14:30:00', 9, NULL, NULL, NULL),
(61, '2021-02-02', '15:00:00', 9, NULL, NULL, NULL),
(62, '2021-02-02', '15:30:00', 9, NULL, NULL, NULL),
(63, '2021-02-02', '16:00:00', 9, NULL, NULL, NULL),
(64, '2021-02-02', '16:30:00', 9, NULL, NULL, NULL),
(65, '2021-02-02', '17:00:00', 9, NULL, NULL, NULL),
(66, '2021-02-02', '17:30:00', 9, NULL, NULL, NULL),
(67, '2021-02-02', '18:00:00', 9, NULL, NULL, NULL),
(68, '2021-02-02', '18:30:00', 9, NULL, NULL, NULL),
(69, '2021-01-31', '08:00:00', 6, NULL, NULL, NULL),
(70, '2021-01-31', '08:30:00', 6, NULL, NULL, NULL),
(71, '2021-01-31', '09:00:00', 6, NULL, NULL, NULL),
(72, '2021-01-31', '09:30:00', 6, NULL, NULL, NULL),
(73, '2021-01-31', '10:00:00', 6, 8, 'Что то', 1),
(74, '2021-01-31', '10:30:00', 6, 7, 'test3', 1),
(75, '2021-01-31', '11:00:00', 6, NULL, NULL, NULL),
(76, '2021-01-31', '11:30:00', 6, NULL, NULL, NULL),
(77, '2021-01-31', '12:00:00', 6, NULL, NULL, NULL),
(78, '2021-01-31', '12:30:00', 6, NULL, NULL, NULL),
(79, '2021-02-01', '08:00:00', 6, NULL, NULL, NULL),
(80, '2021-02-01', '08:30:00', 6, NULL, NULL, NULL),
(81, '2021-02-01', '09:00:00', 6, NULL, NULL, NULL),
(82, '2021-02-01', '09:30:00', 6, NULL, NULL, NULL),
(83, '2021-02-01', '10:00:00', 6, NULL, NULL, NULL),
(84, '2021-02-01', '10:30:00', 6, NULL, NULL, NULL),
(85, '2021-02-01', '11:00:00', 6, NULL, NULL, NULL),
(86, '2021-02-01', '11:30:00', 6, NULL, NULL, NULL),
(87, '2021-02-01', '12:00:00', 6, NULL, NULL, NULL),
(88, '2021-02-01', '12:30:00', 6, NULL, NULL, NULL),
(89, '2021-02-02', '13:00:00', 6, NULL, NULL, NULL),
(90, '2021-02-02', '13:30:00', 6, NULL, NULL, NULL),
(91, '2021-02-02', '14:00:00', 6, NULL, NULL, NULL),
(92, '2021-02-02', '14:30:00', 6, NULL, NULL, NULL),
(93, '2021-02-02', '15:00:00', 6, NULL, NULL, NULL),
(94, '2021-02-02', '15:30:00', 6, NULL, NULL, NULL),
(95, '2021-02-02', '16:00:00', 6, NULL, NULL, NULL),
(96, '2021-02-02', '16:30:00', 6, NULL, NULL, NULL),
(97, '2021-02-02', '17:00:00', 6, NULL, NULL, NULL),
(98, '2021-02-02', '17:30:00', 6, NULL, NULL, NULL),
(99, '2021-02-02', '18:00:00', 6, NULL, NULL, NULL),
(100, '2021-02-02', '18:30:00', 6, NULL, NULL, NULL),
(101, '2021-01-31', '08:00:00', 5, 7, 'афывпафыва', 1),
(102, '2021-01-31', '08:30:00', 5, 8, 'выафыв', 1),
(103, '2021-01-31', '09:00:00', 5, NULL, NULL, NULL),
(104, '2021-01-31', '09:30:00', 5, NULL, NULL, NULL),
(105, '2021-01-31', '10:00:00', 5, NULL, NULL, NULL),
(106, '2021-01-31', '10:30:00', 5, NULL, NULL, NULL),
(107, '2021-01-31', '11:00:00', 5, NULL, NULL, NULL),
(108, '2021-01-31', '11:30:00', 5, NULL, NULL, NULL),
(109, '2021-01-31', '12:00:00', 5, NULL, NULL, NULL),
(110, '2021-01-31', '12:30:00', 5, NULL, NULL, NULL),
(111, '2021-02-01', '13:00:00', 5, NULL, NULL, NULL),
(112, '2021-02-01', '13:30:00', 5, NULL, NULL, NULL),
(113, '2021-02-01', '14:00:00', 5, NULL, NULL, NULL),
(114, '2021-02-01', '14:30:00', 5, 8, 'кудато', 1),
(115, '2021-02-01', '15:00:00', 5, NULL, NULL, NULL),
(116, '2021-02-01', '15:30:00', 5, NULL, NULL, NULL),
(117, '2021-02-01', '16:00:00', 5, NULL, NULL, NULL),
(118, '2021-02-01', '16:30:00', 5, NULL, NULL, NULL),
(119, '2021-02-01', '17:00:00', 5, NULL, NULL, NULL),
(120, '2021-02-01', '17:30:00', 5, NULL, NULL, NULL),
(121, '2021-02-01', '18:00:00', 5, NULL, NULL, NULL),
(122, '2021-02-01', '18:30:00', 5, NULL, NULL, NULL),
(123, '2021-02-02', '08:00:00', 5, NULL, NULL, NULL),
(124, '2021-02-02', '08:30:00', 5, NULL, NULL, NULL),
(125, '2021-02-02', '09:00:00', 5, NULL, NULL, NULL),
(126, '2021-02-02', '09:30:00', 5, NULL, NULL, NULL),
(127, '2021-02-02', '10:00:00', 5, NULL, NULL, NULL),
(128, '2021-02-02', '10:30:00', 5, NULL, NULL, NULL),
(129, '2021-02-02', '11:00:00', 5, NULL, NULL, NULL),
(130, '2021-02-02', '11:30:00', 5, NULL, NULL, NULL),
(131, '2021-02-02', '12:00:00', 5, NULL, NULL, NULL),
(132, '2021-02-02', '12:30:00', 5, NULL, NULL, NULL),
(133, '2021-01-31', '08:00:00', 4, NULL, NULL, NULL),
(134, '2021-01-31', '08:30:00', 4, 7, NULL, NULL),
(135, '2021-01-31', '09:00:00', 4, 7, NULL, NULL),
(136, '2021-01-31', '09:30:00', 4, 7, NULL, NULL),
(137, '2021-01-31', '10:00:00', 4, 7, NULL, NULL),
(138, '2021-01-31', '10:30:00', 4, 7, NULL, NULL),
(139, '2021-01-31', '11:00:00', 4, 7, NULL, NULL),
(140, '2021-01-31', '11:30:00', 4, 7, NULL, NULL),
(141, '2021-01-31', '12:00:00', 4, 7, NULL, NULL),
(142, '2021-01-31', '12:30:00', 4, NULL, NULL, NULL),
(143, '2021-02-01', '13:00:00', 4, 8, NULL, 0),
(144, '2021-02-01', '13:30:00', 4, 7, NULL, 0),
(145, '2021-02-01', '14:00:00', 4, 8, 'lsdfasdgdfg', 1),
(146, '2021-02-01', '14:30:00', 4, 11, NULL, NULL),
(147, '2021-02-01', '15:00:00', 4, 8, 'запись о приеме', 1),
(148, '2021-02-01', '15:30:00', 4, 7, 'запись о приеме2', 1),
(149, '2021-02-01', '16:00:00', 4, 12, 'запись о приеме3\r\n', 1),
(150, '2021-02-01', '16:30:00', 4, 13, 'запись о приеме4', 1),
(151, '2021-02-01', '17:00:00', 4, 14, 'запись о приеме5', 1),
(152, '2021-02-01', '17:30:00', 4, 15, 'запись о приеме6', 1),
(153, '2021-02-01', '18:00:00', 4, NULL, NULL, NULL),
(154, '2021-02-01', '18:30:00', 4, NULL, NULL, NULL),
(155, '2021-02-02', '08:00:00', 4, 15, NULL, 0),
(156, '2021-02-02', '08:30:00', 4, 11, 'запись', 1),
(157, '2021-02-02', '09:00:00', 4, NULL, NULL, NULL),
(158, '2021-02-02', '09:30:00', 4, 8, 'запись', 1),
(159, '2021-02-02', '10:00:00', 4, 7, NULL, NULL),
(160, '2021-02-02', '10:30:00', 4, NULL, NULL, NULL),
(161, '2021-02-02', '11:00:00', 4, 15, 'Здесь доктор что то написал', 1),
(162, '2021-02-02', '11:30:00', 4, 13, 'Соображения высшего порядка, а также социально-экономическое развитие играет важную роль в формировании направлений прогрессивного развития. Не следует, однако, забывать о том, что начало повседневной работы по формированию позиции способствует повышению актуальности модели развития. Не следует, однако, забывать о том, что постоянное информационно-техническое обеспечение нашей деятельности обеспечивает актуальность системы масштабного изменения ряда параметров.\r\n\r\nПрактический опыт показывает, что дальнейшее развитие различных форм деятельности напрямую зависит от форм воздействия.\r\n\r\nДорогие друзья, выбранный нами инновационный путь влечет за собой процесс внедрения и модернизации позиций, занимаемых участниками в отношении поставленных задач. Таким образом, сложившаяся структура организации напрямую зависит от направлений прогрессивного развития. Равным образом социально-экономическое развитие требует от нас анализа всесторонне сбалансированных нововведений.\r\n\r\nЗадача организации, в особенности же начало повседневной работы по формированию позиции представляет собой интересный эксперимент проверки дальнейших направлений развития проекта. Задача организации, в особенности же курс на социально-ориентированный национальный проект позволяет выполнить важнейшие задания по разработке соответствующих условий активизации. Значимость этих проблем настолько очевидна, что реализация намеченного плана развития обеспечивает широкому кругу специалистов участие в формировании модели развития. Практический опыт показывает, что реализация намеченного плана развития требует от нас системного анализа модели развития. Разнообразный и богатый опыт курс на социально-ориентированный национальный проект позволяет оценить значение системы масштабного изменения ряда параметров! Задача организации,...', 1),
(163, '2021-02-02', '12:00:00', 4, 14, 'Соображения высшего порядка, а также социально-экономическое развитие играет важную роль в формировании направлений прогрессивного развития. Не следует, однако, забывать о том, что начало повседневной работы по формированию позиции способствует повышению актуальности модели развития. Не следует, однако, забывать о том, что постоянное информационно-техническое обеспечение нашей деятельности обеспечивает актуальность системы масштабного изменения ряда параметров.\r\n\r\nПрактический опыт показывает, что дальнейшее развитие различных форм деятельности напрямую зависит от форм воздействия.\r\n\r\nДорогие друзья, выбранный нами инновационный путь влечет за собой процесс внедрения и модернизации позиций, занимаемых участниками в отношении поставленных задач. Таким образом, сложившаяся структура организации напрямую зависит от направлений прогрессивного развития. Равным образом социально-экономическое развитие требует от нас анализа всесторонне сбалансированных нововведений.\r\n\r\nЗадача организации, в особенности же начало повседневной работы по формированию позиции представляет собой интересный эксперимент проверки дальнейших направлений развития проекта. Задача организации, в особенности же курс на социально-ориентированный национальный проект позволяет выполнить важнейшие задания по разработке соответствующих условий активизации. Значимость этих проблем настолько очевидна, что реализация намеченного плана развития обеспечивает широкому кругу специалистов участие в формировании модели развития. Практический опыт показывает, что реализация намеченного плана развития требует от нас системного анализа модели развития. Разнообразный и богатый опыт курс на социально-ориентированный национальный проект позволяет оценить значение системы масштабного изменения ряда параметров! Задача организации,...', NULL),
(164, '2021-02-02', '12:30:00', 4, NULL, NULL, NULL),
(166, '2021-02-03', '13:00:00', 4, 8, 'Соображения высшего порядка, а также социально-экономическое развитие играет важную роль в формировании направлений прогрессивного развития. Не следует, однако, забывать о том, что начало повседневной работы по формированию позиции способствует повышению актуальности модели развития. Не следует, однако, забывать о том, что постоянное информационно-техническое обеспечение нашей деятельности обеспечивает актуальность системы масштабного изменения ряда параметров.\r\n\r\nПрактический опыт показывает, что дальнейшее развитие различных форм деятельности напрямую зависит от форм воздействия.\r\n\r\nДорогие друзья, выбранный нами инновационный путь влечет за собой процесс внедрения и модернизации позиций, занимаемых участниками в отношении поставленных задач. Таким образом, сложившаяся структура организации напрямую зависит от направлений прогрессивного развития. Равным образом социально-экономическое развитие требует от нас анализа всесторонне сбалансированных нововведений.\r\n\r\nЗадача организации, в особенности же начало повседневной работы по формированию позиции представляет собой интересный эксперимент проверки дальнейших направлений развития проекта. Задача организации, в особенности же курс на социально-ориентированный национальный проект позволяет выполнить важнейшие задания по разработке соответствующих условий активизации. Значимость этих проблем настолько очевидна, что реализация намеченного плана развития обеспечивает широкому кругу специалистов участие в формировании модели развития. Практический опыт показывает, что реализация намеченного плана развития требует от нас системного анализа модели развития. Разнообразный и богатый опыт курс на социально-ориентированный национальный проект позволяет оценить значение системы масштабного изменения ряда параметров! Задача организации,...', 1),
(167, '2021-02-03', '13:30:00', 4, 7, 'Соображения высшего порядка, а также социально-экономическое развитие играет важную роль в формировании направлений прогрессивного развития. Не следует, однако, забывать о том, что начало повседневной работы по формированию позиции способствует повышению актуальности модели развития. Не следует, однако, забывать о том, что постоянное информационно-техническое обеспечение нашей деятельности обеспечивает актуальность системы масштабного изменения ряда параметров.', 1),
(168, '2021-02-03', '14:00:00', 4, 15, NULL, NULL),
(169, '2021-02-03', '14:30:00', 4, 11, NULL, NULL),
(170, '2021-02-03', '15:00:00', 4, 13, NULL, NULL),
(171, '2021-02-03', '15:30:00', 4, 14, NULL, NULL),
(172, '2021-02-03', '16:00:00', 4, 8, NULL, NULL),
(173, '2021-02-03', '16:30:00', 4, 7, NULL, NULL),
(174, '2021-02-03', '17:00:00', 4, NULL, NULL, NULL),
(175, '2021-02-03', '17:30:00', 4, NULL, NULL, NULL),
(176, '2021-02-03', '18:00:00', 4, NULL, NULL, NULL),
(177, '2021-02-03', '18:30:00', 4, NULL, NULL, NULL),
(178, '2021-02-04', '08:00:00', 4, 16, NULL, NULL),
(179, '2021-02-04', '08:30:00', 4, NULL, NULL, NULL),
(180, '2021-02-04', '09:00:00', 4, 16, NULL, NULL),
(181, '2021-02-04', '09:30:00', 4, NULL, NULL, NULL),
(182, '2021-02-04', '10:00:00', 4, 7, NULL, NULL),
(183, '2021-02-04', '10:30:00', 4, NULL, NULL, NULL),
(184, '2021-02-04', '11:00:00', 4, NULL, NULL, NULL),
(185, '2021-02-04', '11:30:00', 4, NULL, NULL, NULL),
(186, '2021-02-04', '12:00:00', 4, NULL, NULL, NULL),
(187, '2021-02-04', '12:30:00', 4, NULL, NULL, NULL),
(188, '2021-02-05', '13:00:00', 4, 8, NULL, NULL),
(189, '2021-02-05', '13:30:00', 4, 7, NULL, NULL),
(190, '2021-02-05', '14:00:00', 4, 8, NULL, NULL),
(191, '2021-02-05', '14:30:00', 4, 7, NULL, NULL),
(192, '2021-02-05', '15:00:00', 4, 8, NULL, NULL),
(193, '2021-02-05', '15:30:00', 4, 7, NULL, NULL),
(194, '2021-02-05', '16:00:00', 4, 8, NULL, NULL),
(195, '2021-02-05', '16:30:00', 4, 7, NULL, NULL),
(196, '2021-02-05', '17:00:00', 4, NULL, NULL, NULL),
(197, '2021-02-05', '17:30:00', 4, NULL, NULL, NULL),
(198, '2021-02-05', '18:00:00', 4, NULL, NULL, NULL),
(199, '2021-02-05', '18:30:00', 4, NULL, NULL, NULL),
(200, '2021-02-06', '08:00:00', 4, NULL, NULL, NULL),
(201, '2021-02-06', '08:30:00', 4, NULL, NULL, NULL),
(202, '2021-02-06', '09:00:00', 4, NULL, NULL, NULL),
(203, '2021-02-06', '09:30:00', 4, NULL, NULL, NULL),
(204, '2021-02-06', '10:00:00', 4, 7, NULL, NULL),
(205, '2021-02-06', '10:30:00', 4, NULL, NULL, NULL),
(206, '2021-02-06', '11:00:00', 4, NULL, NULL, NULL),
(207, '2021-02-06', '11:30:00', 4, NULL, NULL, NULL),
(208, '2021-02-06', '12:00:00', 4, NULL, NULL, NULL),
(209, '2021-02-06', '12:30:00', 4, NULL, NULL, NULL),
(210, '2021-02-07', '13:00:00', 4, 8, NULL, NULL),
(211, '2021-02-07', '13:30:00', 4, 7, NULL, NULL),
(212, '2021-02-07', '14:00:00', 4, 8, NULL, NULL),
(213, '2021-02-07', '14:30:00', 4, 7, NULL, NULL),
(214, '2021-02-07', '15:00:00', 4, 8, NULL, NULL),
(215, '2021-02-07', '15:30:00', 4, 7, NULL, NULL),
(216, '2021-02-07', '16:00:00', 4, 8, NULL, NULL),
(217, '2021-02-07', '16:30:00', 4, 7, NULL, NULL),
(218, '2021-02-07', '17:00:00', 4, NULL, NULL, NULL),
(219, '2021-02-07', '17:30:00', 4, NULL, NULL, NULL),
(220, '2021-02-07', '18:00:00', 4, NULL, NULL, NULL),
(221, '2021-02-07', '18:30:00', 4, NULL, NULL, NULL),
(222, '2021-02-08', '08:00:00', 4, NULL, NULL, NULL),
(223, '2021-02-08', '08:30:00', 4, NULL, NULL, NULL),
(224, '2021-02-08', '09:00:00', 4, NULL, NULL, NULL),
(225, '2021-02-08', '09:30:00', 4, NULL, NULL, NULL),
(226, '2021-02-08', '10:00:00', 4, 7, NULL, NULL),
(227, '2021-02-08', '10:30:00', 4, NULL, NULL, NULL),
(228, '2021-02-08', '11:00:00', 4, NULL, NULL, NULL),
(229, '2021-02-08', '11:30:00', 4, NULL, NULL, NULL),
(230, '2021-02-08', '12:00:00', 4, NULL, NULL, NULL),
(231, '2021-02-08', '12:30:00', 4, NULL, NULL, NULL),
(232, '2021-02-09', '13:00:00', 4, 8, NULL, NULL),
(233, '2021-02-09', '13:30:00', 4, 7, NULL, NULL),
(234, '2021-02-09', '14:00:00', 4, 8, NULL, NULL),
(235, '2021-02-09', '14:30:00', 4, 7, NULL, NULL),
(236, '2021-02-09', '15:00:00', 4, 8, NULL, NULL),
(237, '2021-02-09', '15:30:00', 4, 7, NULL, NULL),
(238, '2021-02-09', '16:00:00', 4, 8, NULL, NULL),
(239, '2021-02-09', '16:30:00', 4, 7, NULL, NULL),
(240, '2021-02-09', '17:00:00', 4, NULL, NULL, NULL),
(241, '2021-02-09', '17:30:00', 4, NULL, NULL, NULL),
(242, '2021-02-09', '18:00:00', 4, NULL, NULL, NULL),
(243, '2021-02-09', '18:30:00', 4, NULL, NULL, NULL),
(244, '2021-02-10', '08:00:00', 4, NULL, NULL, NULL),
(245, '2021-02-10', '08:30:00', 4, NULL, NULL, NULL),
(246, '2021-02-10', '09:00:00', 4, NULL, NULL, NULL),
(247, '2021-02-10', '09:30:00', 4, NULL, NULL, NULL),
(248, '2021-02-10', '10:00:00', 4, 7, NULL, NULL),
(249, '2021-02-10', '10:30:00', 4, NULL, NULL, NULL),
(250, '2021-02-10', '11:00:00', 4, NULL, NULL, NULL),
(251, '2021-02-10', '11:30:00', 4, NULL, NULL, NULL),
(252, '2021-02-10', '12:00:00', 4, NULL, NULL, NULL),
(253, '2021-02-10', '12:30:00', 4, NULL, NULL, NULL),
(254, '2021-02-11', '13:00:00', 4, 8, NULL, NULL),
(255, '2021-02-11', '13:30:00', 4, 7, NULL, NULL),
(256, '2021-02-11', '14:00:00', 4, 8, NULL, NULL),
(257, '2021-02-11', '14:30:00', 4, 7, NULL, NULL),
(258, '2021-02-11', '15:00:00', 4, 8, NULL, NULL),
(259, '2021-02-11', '15:30:00', 4, 7, NULL, NULL),
(260, '2021-02-11', '16:00:00', 4, 8, NULL, NULL),
(261, '2021-02-11', '16:30:00', 4, 7, NULL, NULL),
(262, '2021-02-11', '17:00:00', 4, NULL, NULL, NULL),
(263, '2021-02-11', '17:30:00', 4, NULL, NULL, NULL),
(264, '2021-02-11', '18:00:00', 4, NULL, NULL, NULL),
(265, '2021-02-11', '18:30:00', 4, NULL, NULL, NULL),
(266, '2021-02-12', '08:00:00', 4, NULL, NULL, NULL),
(267, '2021-02-12', '08:30:00', 4, NULL, NULL, NULL),
(268, '2021-02-12', '09:00:00', 4, NULL, NULL, NULL),
(269, '2021-02-12', '09:30:00', 4, NULL, NULL, NULL),
(270, '2021-02-12', '10:00:00', 4, 7, NULL, NULL),
(271, '2021-02-12', '10:30:00', 4, NULL, NULL, NULL),
(272, '2021-02-12', '11:00:00', 4, NULL, NULL, NULL),
(273, '2021-02-12', '11:30:00', 4, NULL, NULL, NULL),
(274, '2021-02-12', '12:00:00', 4, NULL, NULL, NULL),
(275, '2021-02-12', '12:30:00', 4, NULL, NULL, NULL),
(276, '2021-02-13', '13:00:00', 4, 8, NULL, NULL),
(277, '2021-02-13', '13:30:00', 4, 7, NULL, NULL),
(278, '2021-02-13', '14:00:00', 4, 8, NULL, NULL),
(279, '2021-02-13', '14:30:00', 4, 7, NULL, NULL),
(280, '2021-02-13', '15:00:00', 4, 8, NULL, NULL),
(281, '2021-02-13', '15:30:00', 4, 7, NULL, NULL),
(282, '2021-02-13', '16:00:00', 4, 8, NULL, NULL),
(283, '2021-02-13', '16:30:00', 4, 7, NULL, NULL),
(284, '2021-02-13', '17:00:00', 4, NULL, NULL, NULL),
(285, '2021-02-13', '17:30:00', 4, NULL, NULL, NULL),
(286, '2021-02-13', '18:00:00', 4, NULL, NULL, NULL),
(287, '2021-02-13', '18:30:00', 4, NULL, NULL, NULL),
(288, '2021-02-14', '08:00:00', 4, NULL, NULL, NULL),
(289, '2021-02-14', '08:30:00', 4, NULL, NULL, NULL),
(290, '2021-02-14', '09:00:00', 4, NULL, NULL, NULL),
(291, '2021-02-14', '09:30:00', 4, NULL, NULL, NULL),
(292, '2021-02-14', '10:00:00', 4, 7, NULL, NULL),
(293, '2021-02-14', '10:30:00', 4, NULL, NULL, NULL),
(294, '2021-02-14', '11:00:00', 4, NULL, NULL, NULL),
(295, '2021-02-14', '11:30:00', 4, NULL, NULL, NULL),
(296, '2021-02-14', '12:00:00', 4, NULL, NULL, NULL),
(297, '2021-02-14', '12:30:00', 4, NULL, NULL, NULL),
(298, '2021-02-15', '13:00:00', 4, 8, NULL, NULL),
(299, '2021-02-15', '13:30:00', 4, 7, NULL, NULL),
(300, '2021-02-15', '14:00:00', 4, 8, NULL, NULL),
(301, '2021-02-15', '14:30:00', 4, 7, NULL, NULL),
(302, '2021-02-15', '15:00:00', 4, 8, NULL, NULL),
(303, '2021-02-15', '15:30:00', 4, 7, NULL, NULL),
(304, '2021-02-15', '16:00:00', 4, 8, NULL, NULL),
(305, '2021-02-15', '16:30:00', 4, 7, NULL, NULL),
(306, '2021-02-15', '17:00:00', 4, NULL, NULL, NULL),
(307, '2021-02-15', '17:30:00', 4, NULL, NULL, NULL),
(308, '2021-02-15', '18:00:00', 4, NULL, NULL, NULL),
(309, '2021-02-15', '18:30:00', 4, NULL, NULL, NULL),
(310, '2021-02-16', '08:00:00', 4, NULL, NULL, NULL),
(311, '2021-02-16', '08:30:00', 4, NULL, NULL, NULL),
(312, '2021-02-16', '09:00:00', 4, NULL, NULL, NULL),
(313, '2021-02-16', '09:30:00', 4, NULL, NULL, NULL),
(314, '2021-02-16', '10:00:00', 4, 7, NULL, NULL),
(315, '2021-02-16', '10:30:00', 4, NULL, NULL, NULL),
(316, '2021-02-16', '11:00:00', 4, NULL, NULL, NULL),
(317, '2021-02-16', '11:30:00', 4, NULL, NULL, NULL),
(318, '2021-02-16', '12:00:00', 4, NULL, NULL, NULL),
(319, '2021-02-16', '12:30:00', 4, NULL, NULL, NULL),
(320, '2021-02-17', '13:00:00', 4, 8, NULL, NULL),
(321, '2021-02-17', '13:30:00', 4, 7, NULL, NULL),
(322, '2021-02-17', '14:00:00', 4, 8, NULL, NULL),
(323, '2021-02-17', '14:30:00', 4, 7, NULL, NULL),
(324, '2021-02-17', '15:00:00', 4, 8, NULL, NULL),
(325, '2021-02-17', '15:30:00', 4, 7, NULL, NULL),
(326, '2021-02-17', '16:00:00', 4, 8, NULL, NULL),
(327, '2021-02-17', '16:30:00', 4, 7, NULL, NULL),
(328, '2021-02-17', '17:00:00', 4, NULL, NULL, NULL),
(329, '2021-02-17', '17:30:00', 4, NULL, NULL, NULL),
(330, '2021-02-17', '18:00:00', 4, NULL, NULL, NULL),
(331, '2021-02-17', '18:30:00', 4, NULL, NULL, NULL),
(332, '2021-02-18', '08:00:00', 4, NULL, NULL, NULL),
(333, '2021-02-18', '08:30:00', 4, NULL, NULL, NULL),
(334, '2021-02-18', '09:00:00', 4, NULL, NULL, NULL),
(335, '2021-02-18', '09:30:00', 4, NULL, NULL, NULL),
(336, '2021-02-18', '10:00:00', 4, 7, NULL, NULL),
(337, '2021-02-18', '10:30:00', 4, NULL, NULL, NULL),
(338, '2021-02-18', '11:00:00', 4, NULL, NULL, NULL),
(339, '2021-02-18', '11:30:00', 4, NULL, NULL, NULL),
(340, '2021-02-18', '12:00:00', 4, NULL, NULL, NULL),
(341, '2021-02-18', '12:30:00', 4, NULL, NULL, NULL),
(342, '2021-02-05', '13:00:00', 5, NULL, NULL, NULL),
(343, '2021-02-05', '13:30:00', 5, NULL, NULL, NULL),
(344, '2021-02-05', '14:00:00', 5, NULL, NULL, NULL),
(345, '2021-02-05', '14:30:00', 5, NULL, NULL, NULL),
(346, '2021-02-05', '15:00:00', 5, NULL, NULL, NULL),
(347, '2021-02-05', '15:30:00', 5, NULL, NULL, NULL),
(348, '2021-02-05', '16:00:00', 5, NULL, NULL, NULL),
(349, '2021-02-05', '16:30:00', 5, NULL, NULL, NULL),
(350, '2021-02-05', '17:00:00', 5, NULL, NULL, NULL),
(351, '2021-02-05', '17:30:00', 5, NULL, NULL, NULL),
(352, '2021-02-05', '18:00:00', 5, NULL, NULL, NULL),
(353, '2021-02-05', '18:30:00', 5, NULL, NULL, NULL),
(354, '2021-02-06', '08:00:00', 5, NULL, NULL, NULL),
(355, '2021-02-06', '08:30:00', 5, NULL, NULL, NULL),
(356, '2021-02-06', '09:00:00', 5, NULL, NULL, NULL),
(357, '2021-02-06', '09:30:00', 5, NULL, NULL, NULL),
(358, '2021-02-06', '10:00:00', 5, NULL, NULL, NULL),
(359, '2021-02-06', '10:30:00', 5, NULL, NULL, NULL),
(360, '2021-02-06', '11:00:00', 5, NULL, NULL, NULL),
(361, '2021-02-06', '11:30:00', 5, NULL, NULL, NULL),
(362, '2021-02-06', '12:00:00', 5, NULL, NULL, NULL),
(363, '2021-02-06', '12:30:00', 5, NULL, NULL, NULL),
(364, '2021-02-07', '13:00:00', 5, NULL, NULL, NULL),
(365, '2021-02-07', '13:30:00', 5, NULL, NULL, NULL),
(366, '2021-02-07', '14:00:00', 5, NULL, NULL, NULL),
(367, '2021-02-07', '14:30:00', 5, NULL, NULL, NULL),
(368, '2021-02-07', '15:00:00', 5, NULL, NULL, NULL),
(369, '2021-02-07', '15:30:00', 5, NULL, NULL, NULL),
(370, '2021-02-07', '16:00:00', 5, NULL, NULL, NULL),
(371, '2021-02-07', '16:30:00', 5, NULL, NULL, NULL),
(372, '2021-02-07', '17:00:00', 5, NULL, NULL, NULL),
(373, '2021-02-07', '17:30:00', 5, NULL, NULL, NULL),
(374, '2021-02-07', '18:00:00', 5, NULL, NULL, NULL),
(375, '2021-02-07', '18:30:00', 5, NULL, NULL, NULL),
(376, '2021-02-08', '08:00:00', 5, NULL, NULL, NULL),
(377, '2021-02-08', '08:30:00', 5, NULL, NULL, NULL),
(378, '2021-02-08', '09:00:00', 5, NULL, NULL, NULL),
(379, '2021-02-08', '09:30:00', 5, NULL, NULL, NULL),
(380, '2021-02-08', '10:00:00', 5, NULL, NULL, NULL),
(381, '2021-02-08', '10:30:00', 5, NULL, NULL, NULL),
(382, '2021-02-08', '11:00:00', 5, NULL, NULL, NULL),
(383, '2021-02-08', '11:30:00', 5, NULL, NULL, NULL),
(384, '2021-02-08', '12:00:00', 5, NULL, NULL, NULL),
(385, '2021-02-08', '12:30:00', 5, NULL, NULL, NULL),
(386, '2021-02-09', '13:00:00', 5, NULL, NULL, NULL),
(387, '2021-02-09', '13:30:00', 5, NULL, NULL, NULL),
(388, '2021-02-09', '14:00:00', 5, NULL, NULL, NULL),
(389, '2021-02-09', '14:30:00', 5, NULL, NULL, NULL),
(390, '2021-02-09', '15:00:00', 5, NULL, NULL, NULL),
(391, '2021-02-09', '15:30:00', 5, NULL, NULL, NULL),
(392, '2021-02-09', '16:00:00', 5, NULL, NULL, NULL),
(393, '2021-02-09', '16:30:00', 5, NULL, NULL, NULL),
(394, '2021-02-09', '17:00:00', 5, NULL, NULL, NULL),
(395, '2021-02-09', '17:30:00', 5, NULL, NULL, NULL),
(396, '2021-02-09', '18:00:00', 5, NULL, NULL, NULL),
(397, '2021-02-09', '18:30:00', 5, NULL, NULL, NULL),
(398, '2021-02-10', '08:00:00', 5, NULL, NULL, NULL),
(399, '2021-02-10', '08:30:00', 5, NULL, NULL, NULL),
(400, '2021-02-10', '09:00:00', 5, NULL, NULL, NULL),
(401, '2021-02-10', '09:30:00', 5, NULL, NULL, NULL),
(402, '2021-02-10', '10:00:00', 5, NULL, NULL, NULL),
(403, '2021-02-10', '10:30:00', 5, NULL, NULL, NULL),
(404, '2021-02-10', '11:00:00', 5, NULL, NULL, NULL),
(405, '2021-02-10', '11:30:00', 5, NULL, NULL, NULL),
(406, '2021-02-10', '12:00:00', 5, NULL, NULL, NULL),
(407, '2021-02-10', '12:30:00', 5, NULL, NULL, NULL),
(408, '2021-02-11', '13:00:00', 5, NULL, NULL, NULL),
(409, '2021-02-11', '13:30:00', 5, NULL, NULL, NULL),
(410, '2021-02-11', '14:00:00', 5, NULL, NULL, NULL),
(411, '2021-02-11', '14:30:00', 5, NULL, NULL, NULL),
(412, '2021-02-11', '15:00:00', 5, NULL, NULL, NULL),
(413, '2021-02-11', '15:30:00', 5, NULL, NULL, NULL),
(414, '2021-02-11', '16:00:00', 5, NULL, NULL, NULL),
(415, '2021-02-11', '16:30:00', 5, NULL, NULL, NULL),
(416, '2021-02-11', '17:00:00', 5, NULL, NULL, NULL),
(417, '2021-02-11', '17:30:00', 5, NULL, NULL, NULL),
(418, '2021-02-11', '18:00:00', 5, NULL, NULL, NULL),
(419, '2021-02-11', '18:30:00', 5, NULL, NULL, NULL),
(420, '2021-02-12', '08:00:00', 5, NULL, NULL, NULL),
(421, '2021-02-12', '08:30:00', 5, NULL, NULL, NULL),
(422, '2021-02-12', '09:00:00', 5, NULL, NULL, NULL),
(423, '2021-02-12', '09:30:00', 5, NULL, NULL, NULL),
(424, '2021-02-12', '10:00:00', 5, NULL, NULL, NULL),
(425, '2021-02-12', '10:30:00', 5, NULL, NULL, NULL),
(426, '2021-02-12', '11:00:00', 5, NULL, NULL, NULL),
(427, '2021-02-12', '11:30:00', 5, NULL, NULL, NULL),
(428, '2021-02-12', '12:00:00', 5, NULL, NULL, NULL),
(429, '2021-02-12', '12:30:00', 5, NULL, NULL, NULL),
(430, '2021-02-15', '13:00:00', 5, NULL, NULL, NULL),
(431, '2021-02-15', '13:30:00', 5, NULL, NULL, NULL),
(432, '2021-02-15', '14:00:00', 5, NULL, NULL, NULL),
(433, '2021-02-15', '14:30:00', 5, NULL, NULL, NULL),
(434, '2021-02-15', '15:00:00', 5, NULL, NULL, NULL),
(435, '2021-02-15', '15:30:00', 5, NULL, NULL, NULL),
(436, '2021-02-15', '16:00:00', 5, NULL, NULL, NULL),
(437, '2021-02-15', '16:30:00', 5, NULL, NULL, NULL),
(438, '2021-02-15', '17:00:00', 5, NULL, NULL, NULL),
(439, '2021-02-15', '17:30:00', 5, NULL, NULL, NULL),
(440, '2021-02-15', '18:00:00', 5, NULL, NULL, NULL),
(441, '2021-02-15', '18:30:00', 5, NULL, NULL, NULL),
(442, '2021-02-16', '08:00:00', 5, NULL, NULL, NULL),
(443, '2021-02-16', '08:30:00', 5, NULL, NULL, NULL),
(444, '2021-02-16', '09:00:00', 5, NULL, NULL, NULL),
(445, '2021-02-16', '09:30:00', 5, NULL, NULL, NULL),
(446, '2021-02-16', '10:00:00', 5, NULL, NULL, NULL),
(447, '2021-02-16', '10:30:00', 5, NULL, NULL, NULL),
(448, '2021-02-16', '11:00:00', 5, NULL, NULL, NULL),
(449, '2021-02-16', '11:30:00', 5, NULL, NULL, NULL),
(450, '2021-02-16', '12:00:00', 5, NULL, NULL, NULL),
(451, '2021-02-16', '12:30:00', 5, NULL, NULL, NULL),
(452, '2021-02-17', '13:00:00', 5, NULL, NULL, NULL),
(453, '2021-02-17', '13:30:00', 5, NULL, NULL, NULL),
(454, '2021-02-17', '14:00:00', 5, NULL, NULL, NULL),
(455, '2021-02-17', '14:30:00', 5, NULL, NULL, NULL),
(456, '2021-02-17', '15:00:00', 5, NULL, NULL, NULL),
(457, '2021-02-17', '15:30:00', 5, NULL, NULL, NULL),
(458, '2021-02-17', '16:00:00', 5, NULL, NULL, NULL),
(459, '2021-02-17', '16:30:00', 5, NULL, NULL, NULL),
(460, '2021-02-17', '17:00:00', 5, NULL, NULL, NULL),
(461, '2021-02-17', '17:30:00', 5, NULL, NULL, NULL),
(462, '2021-02-17', '18:00:00', 5, NULL, NULL, NULL),
(463, '2021-02-17', '18:30:00', 5, NULL, NULL, NULL),
(464, '2021-02-18', '08:00:00', 5, NULL, NULL, NULL),
(465, '2021-02-18', '08:30:00', 5, NULL, NULL, NULL),
(466, '2021-02-18', '09:00:00', 5, NULL, NULL, NULL),
(467, '2021-02-18', '09:30:00', 5, NULL, NULL, NULL),
(468, '2021-02-18', '10:00:00', 5, NULL, NULL, NULL),
(469, '2021-02-18', '10:30:00', 5, NULL, NULL, NULL),
(470, '2021-02-18', '11:00:00', 5, NULL, NULL, NULL),
(471, '2021-02-18', '11:30:00', 5, NULL, NULL, NULL),
(472, '2021-02-18', '12:00:00', 5, NULL, NULL, NULL),
(473, '2021-02-18', '12:30:00', 5, NULL, NULL, NULL),
(474, '2021-02-05', '13:00:00', 6, NULL, NULL, NULL),
(475, '2021-02-05', '13:30:00', 6, NULL, NULL, NULL),
(476, '2021-02-05', '14:00:00', 6, NULL, NULL, NULL),
(477, '2021-02-05', '14:30:00', 6, NULL, NULL, NULL),
(478, '2021-02-05', '15:00:00', 6, NULL, NULL, NULL),
(479, '2021-02-05', '15:30:00', 6, NULL, NULL, NULL),
(480, '2021-02-05', '16:00:00', 6, NULL, NULL, NULL),
(481, '2021-02-05', '16:30:00', 6, NULL, NULL, NULL),
(482, '2021-02-05', '17:00:00', 6, NULL, NULL, NULL),
(483, '2021-02-05', '17:30:00', 6, NULL, NULL, NULL),
(484, '2021-02-05', '18:00:00', 6, NULL, NULL, NULL),
(485, '2021-02-05', '18:30:00', 6, NULL, NULL, NULL),
(486, '2021-02-06', '08:00:00', 6, NULL, NULL, NULL),
(487, '2021-02-06', '08:30:00', 6, NULL, NULL, NULL),
(488, '2021-02-06', '09:00:00', 6, NULL, NULL, NULL),
(489, '2021-02-06', '09:30:00', 6, NULL, NULL, NULL),
(490, '2021-02-06', '10:00:00', 6, NULL, NULL, NULL),
(491, '2021-02-06', '10:30:00', 6, NULL, NULL, NULL),
(492, '2021-02-06', '11:00:00', 6, NULL, NULL, NULL),
(493, '2021-02-06', '11:30:00', 6, NULL, NULL, NULL),
(494, '2021-02-06', '12:00:00', 6, NULL, NULL, NULL),
(495, '2021-02-06', '12:30:00', 6, NULL, NULL, NULL),
(496, '2021-02-07', '13:00:00', 6, NULL, NULL, NULL),
(497, '2021-02-07', '13:30:00', 6, NULL, NULL, NULL),
(498, '2021-02-07', '14:00:00', 6, NULL, NULL, NULL),
(499, '2021-02-07', '14:30:00', 6, NULL, NULL, NULL),
(500, '2021-02-07', '15:00:00', 6, NULL, NULL, NULL),
(501, '2021-02-07', '15:30:00', 6, NULL, NULL, NULL),
(502, '2021-02-07', '16:00:00', 6, NULL, NULL, NULL),
(503, '2021-02-07', '16:30:00', 6, NULL, NULL, NULL),
(504, '2021-02-07', '17:00:00', 6, NULL, NULL, NULL),
(505, '2021-02-07', '17:30:00', 6, NULL, NULL, NULL),
(506, '2021-02-07', '18:00:00', 6, NULL, NULL, NULL),
(507, '2021-02-07', '18:30:00', 6, NULL, NULL, NULL),
(508, '2021-02-08', '08:00:00', 6, NULL, NULL, NULL),
(509, '2021-02-08', '08:30:00', 6, NULL, NULL, NULL),
(510, '2021-02-08', '09:00:00', 6, NULL, NULL, NULL),
(511, '2021-02-08', '09:30:00', 6, NULL, NULL, NULL),
(512, '2021-02-08', '10:00:00', 6, NULL, NULL, NULL),
(513, '2021-02-08', '10:30:00', 6, NULL, NULL, NULL),
(514, '2021-02-08', '11:00:00', 6, NULL, NULL, NULL),
(515, '2021-02-08', '11:30:00', 6, NULL, NULL, NULL),
(516, '2021-02-08', '12:00:00', 6, NULL, NULL, NULL),
(517, '2021-02-08', '12:30:00', 6, NULL, NULL, NULL),
(518, '2021-02-09', '13:00:00', 6, NULL, NULL, NULL),
(519, '2021-02-09', '13:30:00', 6, NULL, NULL, NULL),
(520, '2021-02-09', '14:00:00', 6, NULL, NULL, NULL),
(521, '2021-02-09', '14:30:00', 6, NULL, NULL, NULL),
(522, '2021-02-09', '15:00:00', 6, NULL, NULL, NULL),
(523, '2021-02-09', '15:30:00', 6, NULL, NULL, NULL),
(524, '2021-02-09', '16:00:00', 6, NULL, NULL, NULL),
(525, '2021-02-09', '16:30:00', 6, NULL, NULL, NULL),
(526, '2021-02-09', '17:00:00', 6, NULL, NULL, NULL),
(527, '2021-02-09', '17:30:00', 6, NULL, NULL, NULL),
(528, '2021-02-09', '18:00:00', 6, NULL, NULL, NULL),
(529, '2021-02-09', '18:30:00', 6, NULL, NULL, NULL),
(530, '2021-02-10', '08:00:00', 6, NULL, NULL, NULL),
(531, '2021-02-10', '08:30:00', 6, NULL, NULL, NULL),
(532, '2021-02-10', '09:00:00', 6, NULL, NULL, NULL),
(533, '2021-02-10', '09:30:00', 6, NULL, NULL, NULL),
(534, '2021-02-10', '10:00:00', 6, NULL, NULL, NULL),
(535, '2021-02-10', '10:30:00', 6, NULL, NULL, NULL),
(536, '2021-02-10', '11:00:00', 6, NULL, NULL, NULL),
(537, '2021-02-10', '11:30:00', 6, NULL, NULL, NULL),
(538, '2021-02-10', '12:00:00', 6, NULL, NULL, NULL),
(539, '2021-02-10', '12:30:00', 6, NULL, NULL, NULL),
(540, '2021-02-11', '13:00:00', 6, NULL, NULL, NULL),
(541, '2021-02-11', '13:30:00', 6, NULL, NULL, NULL),
(542, '2021-02-11', '14:00:00', 6, NULL, NULL, NULL),
(543, '2021-02-11', '14:30:00', 6, NULL, NULL, NULL),
(544, '2021-02-11', '15:00:00', 6, NULL, NULL, NULL),
(545, '2021-02-11', '15:30:00', 6, NULL, NULL, NULL),
(546, '2021-02-11', '16:00:00', 6, NULL, NULL, NULL),
(547, '2021-02-11', '16:30:00', 6, NULL, NULL, NULL),
(548, '2021-02-11', '17:00:00', 6, NULL, NULL, NULL),
(549, '2021-02-11', '17:30:00', 6, NULL, NULL, NULL),
(550, '2021-02-11', '18:00:00', 6, NULL, NULL, NULL),
(551, '2021-02-11', '18:30:00', 6, NULL, NULL, NULL),
(552, '2021-02-12', '08:00:00', 6, NULL, NULL, NULL),
(553, '2021-02-12', '08:30:00', 6, NULL, NULL, NULL),
(554, '2021-02-12', '09:00:00', 6, NULL, NULL, NULL),
(555, '2021-02-12', '09:30:00', 6, NULL, NULL, NULL),
(556, '2021-02-12', '10:00:00', 6, NULL, NULL, NULL),
(557, '2021-02-12', '10:30:00', 6, NULL, NULL, NULL),
(558, '2021-02-12', '11:00:00', 6, NULL, NULL, NULL),
(559, '2021-02-12', '11:30:00', 6, NULL, NULL, NULL),
(560, '2021-02-12', '12:00:00', 6, NULL, NULL, NULL),
(561, '2021-02-12', '12:30:00', 6, NULL, NULL, NULL),
(562, '2021-02-15', '13:00:00', 6, NULL, NULL, NULL),
(563, '2021-02-15', '13:30:00', 6, NULL, NULL, NULL),
(564, '2021-02-15', '14:00:00', 6, NULL, NULL, NULL),
(565, '2021-02-15', '14:30:00', 6, NULL, NULL, NULL),
(566, '2021-02-15', '15:00:00', 6, NULL, NULL, NULL),
(567, '2021-02-15', '15:30:00', 6, NULL, NULL, NULL),
(568, '2021-02-15', '16:00:00', 6, NULL, NULL, NULL),
(569, '2021-02-15', '16:30:00', 6, NULL, NULL, NULL),
(570, '2021-02-15', '17:00:00', 6, NULL, NULL, NULL),
(571, '2021-02-15', '17:30:00', 6, NULL, NULL, NULL),
(572, '2021-02-15', '18:00:00', 6, NULL, NULL, NULL),
(573, '2021-02-15', '18:30:00', 6, NULL, NULL, NULL),
(574, '2021-02-16', '08:00:00', 6, NULL, NULL, NULL),
(575, '2021-02-16', '08:30:00', 6, NULL, NULL, NULL),
(576, '2021-02-16', '09:00:00', 6, NULL, NULL, NULL),
(577, '2021-02-16', '09:30:00', 6, NULL, NULL, NULL),
(578, '2021-02-16', '10:00:00', 6, NULL, NULL, NULL),
(579, '2021-02-16', '10:30:00', 6, NULL, NULL, NULL),
(580, '2021-02-16', '11:00:00', 6, NULL, NULL, NULL),
(581, '2021-02-16', '11:30:00', 6, NULL, NULL, NULL),
(582, '2021-02-16', '12:00:00', 6, NULL, NULL, NULL),
(583, '2021-02-16', '12:30:00', 6, NULL, NULL, NULL),
(584, '2021-02-17', '13:00:00', 6, NULL, NULL, NULL),
(585, '2021-02-17', '13:30:00', 6, NULL, NULL, NULL),
(586, '2021-02-17', '14:00:00', 6, NULL, NULL, NULL),
(587, '2021-02-17', '14:30:00', 6, NULL, NULL, NULL),
(588, '2021-02-17', '15:00:00', 6, NULL, NULL, NULL),
(589, '2021-02-17', '15:30:00', 6, NULL, NULL, NULL),
(590, '2021-02-17', '16:00:00', 6, NULL, NULL, NULL),
(591, '2021-02-17', '16:30:00', 6, NULL, NULL, NULL),
(592, '2021-02-17', '17:00:00', 6, NULL, NULL, NULL),
(593, '2021-02-17', '17:30:00', 6, NULL, NULL, NULL),
(594, '2021-02-17', '18:00:00', 6, NULL, NULL, NULL),
(595, '2021-02-17', '18:30:00', 6, NULL, NULL, NULL),
(596, '2021-02-18', '08:00:00', 6, NULL, NULL, NULL),
(597, '2021-02-18', '08:30:00', 6, NULL, NULL, NULL),
(598, '2021-02-18', '09:00:00', 6, NULL, NULL, NULL),
(599, '2021-02-18', '09:30:00', 6, NULL, NULL, NULL),
(600, '2021-02-18', '10:00:00', 6, NULL, NULL, NULL),
(601, '2021-02-18', '10:30:00', 6, NULL, NULL, NULL),
(602, '2021-02-18', '11:00:00', 6, NULL, NULL, NULL),
(603, '2021-02-18', '11:30:00', 6, NULL, NULL, NULL),
(604, '2021-02-18', '12:00:00', 6, NULL, NULL, NULL),
(605, '2021-02-18', '12:30:00', 6, NULL, NULL, NULL),
(606, '2021-02-05', '13:00:00', 9, NULL, NULL, NULL),
(607, '2021-02-05', '13:30:00', 9, NULL, NULL, NULL),
(608, '2021-02-05', '14:00:00', 9, NULL, NULL, NULL),
(609, '2021-02-05', '14:30:00', 9, NULL, NULL, NULL),
(610, '2021-02-05', '15:00:00', 9, NULL, NULL, NULL),
(611, '2021-02-05', '15:30:00', 9, NULL, NULL, NULL),
(612, '2021-02-05', '16:00:00', 9, NULL, NULL, NULL),
(613, '2021-02-05', '16:30:00', 9, NULL, NULL, NULL),
(614, '2021-02-05', '17:00:00', 9, NULL, NULL, NULL),
(615, '2021-02-05', '17:30:00', 9, NULL, NULL, NULL),
(616, '2021-02-05', '18:00:00', 9, NULL, NULL, NULL),
(617, '2021-02-05', '18:30:00', 9, NULL, NULL, NULL),
(618, '2021-02-06', '08:00:00', 9, NULL, NULL, NULL),
(619, '2021-02-06', '08:30:00', 9, NULL, NULL, NULL),
(620, '2021-02-06', '09:00:00', 9, NULL, NULL, NULL),
(621, '2021-02-06', '09:30:00', 9, NULL, NULL, NULL),
(622, '2021-02-06', '10:00:00', 9, NULL, NULL, NULL),
(623, '2021-02-06', '10:30:00', 9, NULL, NULL, NULL),
(624, '2021-02-06', '11:00:00', 9, NULL, NULL, NULL),
(625, '2021-02-06', '11:30:00', 9, NULL, NULL, NULL),
(626, '2021-02-06', '12:00:00', 9, NULL, NULL, NULL),
(627, '2021-02-06', '12:30:00', 9, NULL, NULL, NULL),
(628, '2021-02-07', '13:00:00', 9, NULL, NULL, NULL),
(629, '2021-02-07', '13:30:00', 9, NULL, NULL, NULL),
(630, '2021-02-07', '14:00:00', 9, NULL, NULL, NULL),
(631, '2021-02-07', '14:30:00', 9, NULL, NULL, NULL),
(632, '2021-02-07', '15:00:00', 9, NULL, NULL, NULL),
(633, '2021-02-07', '15:30:00', 9, NULL, NULL, NULL),
(634, '2021-02-07', '16:00:00', 9, NULL, NULL, NULL),
(635, '2021-02-07', '16:30:00', 9, NULL, NULL, NULL),
(636, '2021-02-07', '17:00:00', 9, NULL, NULL, NULL),
(637, '2021-02-07', '17:30:00', 9, NULL, NULL, NULL),
(638, '2021-02-07', '18:00:00', 9, NULL, NULL, NULL),
(639, '2021-02-07', '18:30:00', 9, NULL, NULL, NULL),
(640, '2021-02-08', '08:00:00', 9, NULL, NULL, NULL),
(641, '2021-02-08', '08:30:00', 9, NULL, NULL, NULL),
(642, '2021-02-08', '09:00:00', 9, NULL, NULL, NULL),
(643, '2021-02-08', '09:30:00', 9, NULL, NULL, NULL),
(644, '2021-02-08', '10:00:00', 9, NULL, NULL, NULL),
(645, '2021-02-08', '10:30:00', 9, NULL, NULL, NULL),
(646, '2021-02-08', '11:00:00', 9, NULL, NULL, NULL),
(647, '2021-02-08', '11:30:00', 9, NULL, NULL, NULL),
(648, '2021-02-08', '12:00:00', 9, NULL, NULL, NULL),
(649, '2021-02-08', '12:30:00', 9, NULL, NULL, NULL),
(650, '2021-02-09', '13:00:00', 9, NULL, NULL, NULL),
(651, '2021-02-09', '13:30:00', 9, NULL, NULL, NULL),
(652, '2021-02-09', '14:00:00', 9, NULL, NULL, NULL),
(653, '2021-02-09', '14:30:00', 9, 16, NULL, NULL),
(654, '2021-02-09', '15:00:00', 9, NULL, NULL, NULL),
(655, '2021-02-09', '15:30:00', 9, NULL, NULL, NULL),
(656, '2021-02-09', '16:00:00', 9, NULL, NULL, NULL),
(657, '2021-02-09', '16:30:00', 9, NULL, NULL, NULL),
(658, '2021-02-09', '17:00:00', 9, NULL, NULL, NULL),
(659, '2021-02-09', '17:30:00', 9, NULL, NULL, NULL),
(660, '2021-02-09', '18:00:00', 9, NULL, NULL, NULL),
(661, '2021-02-09', '18:30:00', 9, NULL, NULL, NULL),
(662, '2021-02-10', '08:00:00', 9, NULL, NULL, NULL),
(663, '2021-02-10', '08:30:00', 9, NULL, NULL, NULL),
(664, '2021-02-10', '09:00:00', 9, NULL, NULL, NULL),
(665, '2021-02-10', '09:30:00', 9, NULL, NULL, NULL),
(666, '2021-02-10', '10:00:00', 9, NULL, NULL, NULL),
(667, '2021-02-10', '10:30:00', 9, NULL, NULL, NULL),
(668, '2021-02-10', '11:00:00', 9, NULL, NULL, NULL),
(669, '2021-02-10', '11:30:00', 9, NULL, NULL, NULL),
(670, '2021-02-10', '12:00:00', 9, NULL, NULL, NULL),
(671, '2021-02-10', '12:30:00', 9, NULL, NULL, NULL),
(672, '2021-02-11', '13:00:00', 9, NULL, NULL, NULL),
(673, '2021-02-11', '13:30:00', 9, NULL, NULL, NULL),
(674, '2021-02-11', '14:00:00', 9, NULL, NULL, NULL),
(675, '2021-02-11', '14:30:00', 9, NULL, NULL, NULL),
(676, '2021-02-11', '15:00:00', 9, NULL, NULL, NULL),
(677, '2021-02-11', '15:30:00', 9, NULL, NULL, NULL),
(678, '2021-02-11', '16:00:00', 9, NULL, NULL, NULL),
(679, '2021-02-11', '16:30:00', 9, NULL, NULL, NULL),
(680, '2021-02-11', '17:00:00', 9, NULL, NULL, NULL),
(681, '2021-02-11', '17:30:00', 9, NULL, NULL, NULL),
(682, '2021-02-11', '18:00:00', 9, NULL, NULL, NULL),
(683, '2021-02-11', '18:30:00', 9, NULL, NULL, NULL),
(684, '2021-02-12', '08:00:00', 9, NULL, NULL, NULL),
(685, '2021-02-12', '08:30:00', 9, NULL, NULL, NULL),
(686, '2021-02-12', '09:00:00', 9, NULL, NULL, NULL),
(687, '2021-02-12', '09:30:00', 9, NULL, NULL, NULL),
(688, '2021-02-12', '10:00:00', 9, NULL, NULL, NULL),
(689, '2021-02-12', '10:30:00', 9, NULL, NULL, NULL),
(690, '2021-02-12', '11:00:00', 9, NULL, NULL, NULL),
(691, '2021-02-12', '11:30:00', 9, NULL, NULL, NULL),
(692, '2021-02-12', '12:00:00', 9, NULL, NULL, NULL),
(693, '2021-02-12', '12:30:00', 9, NULL, NULL, NULL),
(694, '2021-02-15', '13:00:00', 9, NULL, NULL, NULL),
(695, '2021-02-15', '13:30:00', 9, NULL, NULL, NULL),
(696, '2021-02-15', '14:00:00', 9, NULL, NULL, NULL),
(697, '2021-02-15', '14:30:00', 9, NULL, NULL, NULL),
(698, '2021-02-15', '15:00:00', 9, NULL, NULL, NULL),
(699, '2021-02-15', '15:30:00', 9, NULL, NULL, NULL),
(700, '2021-02-15', '16:00:00', 9, NULL, NULL, NULL),
(701, '2021-02-15', '16:30:00', 9, NULL, NULL, NULL),
(702, '2021-02-15', '17:00:00', 9, NULL, NULL, NULL),
(703, '2021-02-15', '17:30:00', 9, NULL, NULL, NULL),
(704, '2021-02-15', '18:00:00', 9, NULL, NULL, NULL),
(705, '2021-02-15', '18:30:00', 9, NULL, NULL, NULL),
(706, '2021-02-16', '08:00:00', 9, NULL, NULL, NULL),
(707, '2021-02-16', '08:30:00', 9, NULL, NULL, NULL),
(708, '2021-02-16', '09:00:00', 9, NULL, NULL, NULL),
(709, '2021-02-16', '09:30:00', 9, NULL, NULL, NULL),
(710, '2021-02-16', '10:00:00', 9, NULL, NULL, NULL),
(711, '2021-02-16', '10:30:00', 9, NULL, NULL, NULL),
(712, '2021-02-16', '11:00:00', 9, NULL, NULL, NULL),
(713, '2021-02-16', '11:30:00', 9, NULL, NULL, NULL),
(714, '2021-02-16', '12:00:00', 9, NULL, NULL, NULL),
(715, '2021-02-16', '12:30:00', 9, NULL, NULL, NULL),
(716, '2021-02-17', '13:00:00', 9, NULL, NULL, NULL),
(717, '2021-02-17', '13:30:00', 9, NULL, NULL, NULL),
(718, '2021-02-17', '14:00:00', 9, NULL, NULL, NULL),
(719, '2021-02-17', '14:30:00', 9, NULL, NULL, NULL),
(720, '2021-02-17', '15:00:00', 9, NULL, NULL, NULL),
(721, '2021-02-17', '15:30:00', 9, NULL, NULL, NULL),
(722, '2021-02-17', '16:00:00', 9, NULL, NULL, NULL),
(723, '2021-02-17', '16:30:00', 9, NULL, NULL, NULL),
(724, '2021-02-17', '17:00:00', 9, NULL, NULL, NULL),
(725, '2021-02-17', '17:30:00', 9, NULL, NULL, NULL),
(726, '2021-02-17', '18:00:00', 9, NULL, NULL, NULL),
(727, '2021-02-17', '18:30:00', 9, NULL, NULL, NULL),
(728, '2021-02-18', '08:00:00', 9, NULL, NULL, NULL),
(729, '2021-02-18', '08:30:00', 9, NULL, NULL, NULL),
(730, '2021-02-18', '09:00:00', 9, NULL, NULL, NULL),
(731, '2021-02-18', '09:30:00', 9, NULL, NULL, NULL),
(732, '2021-02-18', '10:00:00', 9, NULL, NULL, NULL),
(733, '2021-02-18', '10:30:00', 9, NULL, NULL, NULL),
(734, '2021-02-18', '11:00:00', 9, NULL, NULL, NULL),
(735, '2021-02-18', '11:30:00', 9, NULL, NULL, NULL),
(736, '2021-02-18', '12:00:00', 9, NULL, NULL, NULL),
(737, '2021-02-18', '12:30:00', 9, NULL, NULL, NULL),
(738, '2021-02-05', '13:00:00', 10, NULL, NULL, NULL),
(739, '2021-02-05', '13:30:00', 10, NULL, NULL, NULL),
(740, '2021-02-05', '14:00:00', 10, NULL, NULL, NULL),
(741, '2021-02-05', '14:30:00', 10, NULL, NULL, NULL),
(742, '2021-02-05', '15:00:00', 10, NULL, NULL, NULL),
(743, '2021-02-05', '15:30:00', 10, NULL, NULL, NULL),
(744, '2021-02-05', '16:00:00', 10, NULL, NULL, NULL),
(745, '2021-02-05', '16:30:00', 10, NULL, NULL, NULL),
(746, '2021-02-05', '17:00:00', 10, NULL, NULL, NULL),
(747, '2021-02-05', '17:30:00', 10, NULL, NULL, NULL),
(748, '2021-02-05', '18:00:00', 10, NULL, NULL, NULL),
(749, '2021-02-05', '18:30:00', 10, NULL, NULL, NULL),
(750, '2021-02-06', '08:00:00', 10, NULL, NULL, NULL),
(751, '2021-02-06', '08:30:00', 10, NULL, NULL, NULL),
(752, '2021-02-06', '09:00:00', 10, NULL, NULL, NULL),
(753, '2021-02-06', '09:30:00', 10, NULL, NULL, NULL),
(754, '2021-02-06', '10:00:00', 10, NULL, NULL, NULL),
(755, '2021-02-06', '10:30:00', 10, NULL, NULL, NULL),
(756, '2021-02-06', '11:00:00', 10, NULL, NULL, NULL),
(757, '2021-02-06', '11:30:00', 10, NULL, NULL, NULL),
(758, '2021-02-06', '12:00:00', 10, NULL, NULL, NULL),
(759, '2021-02-06', '12:30:00', 10, NULL, NULL, NULL),
(760, '2021-02-07', '13:00:00', 10, NULL, NULL, NULL),
(761, '2021-02-07', '13:30:00', 10, NULL, NULL, NULL),
(762, '2021-02-07', '14:00:00', 10, NULL, NULL, NULL),
(763, '2021-02-07', '14:30:00', 10, NULL, NULL, NULL),
(764, '2021-02-07', '15:00:00', 10, NULL, NULL, NULL),
(765, '2021-02-07', '15:30:00', 10, NULL, NULL, NULL),
(766, '2021-02-07', '16:00:00', 10, NULL, NULL, NULL),
(767, '2021-02-07', '16:30:00', 10, NULL, NULL, NULL),
(768, '2021-02-07', '17:00:00', 10, NULL, NULL, NULL),
(769, '2021-02-07', '17:30:00', 10, NULL, NULL, NULL),
(770, '2021-02-07', '18:00:00', 10, NULL, NULL, NULL),
(771, '2021-02-07', '18:30:00', 10, NULL, NULL, NULL),
(772, '2021-02-08', '08:00:00', 10, NULL, NULL, NULL),
(773, '2021-02-08', '08:30:00', 10, NULL, NULL, NULL),
(774, '2021-02-08', '09:00:00', 10, NULL, NULL, NULL),
(775, '2021-02-08', '09:30:00', 10, NULL, NULL, NULL),
(776, '2021-02-08', '10:00:00', 10, NULL, NULL, NULL),
(777, '2021-02-08', '10:30:00', 10, NULL, NULL, NULL),
(778, '2021-02-08', '11:00:00', 10, NULL, NULL, NULL),
(779, '2021-02-08', '11:30:00', 10, NULL, NULL, NULL),
(780, '2021-02-08', '12:00:00', 10, NULL, NULL, NULL),
(781, '2021-02-08', '12:30:00', 10, NULL, NULL, NULL),
(782, '2021-02-09', '13:00:00', 10, NULL, NULL, NULL),
(783, '2021-02-09', '13:30:00', 10, NULL, NULL, NULL),
(784, '2021-02-09', '14:00:00', 10, NULL, NULL, NULL),
(785, '2021-02-09', '14:30:00', 10, NULL, NULL, NULL),
(786, '2021-02-09', '15:00:00', 10, NULL, NULL, NULL),
(787, '2021-02-09', '15:30:00', 10, NULL, NULL, NULL),
(788, '2021-02-09', '16:00:00', 10, NULL, NULL, NULL),
(789, '2021-02-09', '16:30:00', 10, NULL, NULL, NULL),
(790, '2021-02-09', '17:00:00', 10, NULL, NULL, NULL),
(791, '2021-02-09', '17:30:00', 10, NULL, NULL, NULL),
(792, '2021-02-09', '18:00:00', 10, NULL, NULL, NULL),
(793, '2021-02-09', '18:30:00', 10, NULL, NULL, NULL),
(794, '2021-02-10', '08:00:00', 10, NULL, NULL, NULL),
(795, '2021-02-10', '08:30:00', 10, NULL, NULL, NULL),
(796, '2021-02-10', '09:00:00', 10, NULL, NULL, NULL),
(797, '2021-02-10', '09:30:00', 10, NULL, NULL, NULL),
(798, '2021-02-10', '10:00:00', 10, NULL, NULL, NULL),
(799, '2021-02-10', '10:30:00', 10, NULL, NULL, NULL),
(800, '2021-02-10', '11:00:00', 10, NULL, NULL, NULL),
(801, '2021-02-10', '11:30:00', 10, NULL, NULL, NULL),
(802, '2021-02-10', '12:00:00', 10, NULL, NULL, NULL),
(803, '2021-02-10', '12:30:00', 10, NULL, NULL, NULL),
(804, '2021-02-11', '13:00:00', 10, NULL, NULL, NULL),
(805, '2021-02-11', '13:30:00', 10, NULL, NULL, NULL),
(806, '2021-02-11', '14:00:00', 10, NULL, NULL, NULL),
(807, '2021-02-11', '14:30:00', 10, NULL, NULL, NULL),
(808, '2021-02-11', '15:00:00', 10, NULL, NULL, NULL),
(809, '2021-02-11', '15:30:00', 10, NULL, NULL, NULL),
(810, '2021-02-11', '16:00:00', 10, NULL, NULL, NULL),
(811, '2021-02-11', '16:30:00', 10, NULL, NULL, NULL),
(812, '2021-02-11', '17:00:00', 10, NULL, NULL, NULL),
(813, '2021-02-11', '17:30:00', 10, NULL, NULL, NULL),
(814, '2021-02-11', '18:00:00', 10, NULL, NULL, NULL),
(815, '2021-02-11', '18:30:00', 10, NULL, NULL, NULL),
(816, '2021-02-12', '08:00:00', 10, NULL, NULL, NULL),
(817, '2021-02-12', '08:30:00', 10, NULL, NULL, NULL),
(818, '2021-02-12', '09:00:00', 10, NULL, NULL, NULL),
(819, '2021-02-12', '09:30:00', 10, NULL, NULL, NULL),
(820, '2021-02-12', '10:00:00', 10, NULL, NULL, NULL),
(821, '2021-02-12', '10:30:00', 10, NULL, NULL, NULL),
(822, '2021-02-12', '11:00:00', 10, NULL, NULL, NULL),
(823, '2021-02-12', '11:30:00', 10, NULL, NULL, NULL),
(824, '2021-02-12', '12:00:00', 10, NULL, NULL, NULL),
(825, '2021-02-12', '12:30:00', 10, NULL, NULL, NULL),
(826, '2021-02-15', '13:00:00', 10, NULL, NULL, NULL),
(827, '2021-02-15', '13:30:00', 10, NULL, NULL, NULL),
(828, '2021-02-15', '14:00:00', 10, NULL, NULL, NULL),
(829, '2021-02-15', '14:30:00', 10, NULL, NULL, NULL),
(830, '2021-02-15', '15:00:00', 10, NULL, NULL, NULL),
(831, '2021-02-15', '15:30:00', 10, NULL, NULL, NULL),
(832, '2021-02-15', '16:00:00', 10, NULL, NULL, NULL),
(833, '2021-02-15', '16:30:00', 10, NULL, NULL, NULL),
(834, '2021-02-15', '17:00:00', 10, NULL, NULL, NULL),
(835, '2021-02-15', '17:30:00', 10, NULL, NULL, NULL),
(836, '2021-02-15', '18:00:00', 10, NULL, NULL, NULL),
(837, '2021-02-15', '18:30:00', 10, NULL, NULL, NULL),
(838, '2021-02-16', '08:00:00', 10, NULL, NULL, NULL),
(839, '2021-02-16', '08:30:00', 10, NULL, NULL, NULL),
(840, '2021-02-16', '09:00:00', 10, NULL, NULL, NULL),
(841, '2021-02-16', '09:30:00', 10, NULL, NULL, NULL),
(842, '2021-02-16', '10:00:00', 10, NULL, NULL, NULL),
(843, '2021-02-16', '10:30:00', 10, NULL, NULL, NULL),
(844, '2021-02-16', '11:00:00', 10, NULL, NULL, NULL),
(845, '2021-02-16', '11:30:00', 10, NULL, NULL, NULL),
(846, '2021-02-16', '12:00:00', 10, NULL, NULL, NULL),
(847, '2021-02-16', '12:30:00', 10, NULL, NULL, NULL),
(848, '2021-02-17', '13:00:00', 10, NULL, NULL, NULL),
(849, '2021-02-17', '13:30:00', 10, NULL, NULL, NULL),
(850, '2021-02-17', '14:00:00', 10, NULL, NULL, NULL);
INSERT INTO `timetable` (`rec_id`, `date_app`, `time_app`, `doctor_id`, `patient_id`, `record`, `visit`) VALUES
(851, '2021-02-17', '14:30:00', 10, NULL, NULL, NULL),
(852, '2021-02-17', '15:00:00', 10, NULL, NULL, NULL),
(853, '2021-02-17', '15:30:00', 10, NULL, NULL, NULL),
(854, '2021-02-17', '16:00:00', 10, NULL, NULL, NULL),
(855, '2021-02-17', '16:30:00', 10, NULL, NULL, NULL),
(856, '2021-02-17', '17:00:00', 10, NULL, NULL, NULL),
(857, '2021-02-17', '17:30:00', 10, NULL, NULL, NULL),
(858, '2021-02-17', '18:00:00', 10, NULL, NULL, NULL),
(859, '2021-02-17', '18:30:00', 10, NULL, NULL, NULL),
(860, '2021-02-18', '08:00:00', 10, NULL, NULL, NULL),
(861, '2021-02-18', '08:30:00', 10, NULL, NULL, NULL),
(862, '2021-02-18', '09:00:00', 10, NULL, NULL, NULL),
(863, '2021-02-18', '09:30:00', 10, NULL, NULL, NULL),
(864, '2021-02-18', '10:00:00', 10, NULL, NULL, NULL),
(865, '2021-02-18', '10:30:00', 10, NULL, NULL, NULL),
(866, '2021-02-18', '11:00:00', 10, NULL, NULL, NULL),
(867, '2021-02-18', '11:30:00', 10, NULL, NULL, NULL),
(868, '2021-02-18', '12:00:00', 10, NULL, NULL, NULL),
(869, '2021-02-18', '12:30:00', 10, NULL, NULL, NULL);

-- --------------------------------------------------------

--
-- Структура таблицы `users`
--

CREATE TABLE `users` (
  `user_id` int NOT NULL,
  `user_name` varchar(20) NOT NULL,
  `user_surname` varchar(20) NOT NULL,
  `user_birthday` date DEFAULT NULL,
  `login` varchar(15) NOT NULL,
  `password` varchar(100) CHARACTER SET utf8mb4 COLLATE utf8mb4_0900_ai_ci NOT NULL,
  `role` varchar(11) NOT NULL
) ENGINE=InnoDB DEFAULT CHARSET=utf8mb4 COLLATE=utf8mb4_0900_ai_ci;

--
-- Дамп данных таблицы `users`
--

INSERT INTO `users` (`user_id`, `user_name`, `user_surname`, `user_birthday`, `login`, `password`, `role`) VALUES
(1, '1234', '123', '2021-01-19', '1234', '$2a$10$CGhEZg5sAufOttJFHI8Sf.3v51QWSVmhk18GrDwoI5zrg5k5oUTF6', 'User'),
(2, '12345', '123', '2021-01-22', '12345', '$2a$10$vTMfli1ONmSKZNULTDCTve38UipIN/zBGtzDjoR0dOgyPf2D2aci6', 'User'),
(3, 'Работник', 'регистратуры', '1970-01-01', 'admin', '$2a$10$6/nD6Pv8528GvJhEbd/9aeDeCBkceT0GAg6wcPRXhAS6GwB5MR38i', 'ADMIN'),
(4, 'doctor', 'test1', '1980-01-01', 'doctor', '$2a$10$4s6j1r4To4u8XJJzf3WugOsdD13oxY.SDU5.HedyxyAY0WykyPU7m', 'DOCTOR'),
(5, 'Алиса Юрьевна', 'Осипова', '1975-01-01', 'doctor2', '$2a$10$4s6j1r4To4u8XJJzf3WugOsdD13oxY.SDU5.HedyxyAY0WykyPU7m', 'DOCTOR'),
(6, 'Тимофей Ильич', 'Белов', '1985-05-20', 'doctor3', '$2a$10$4s6j1r4To4u8XJJzf3WugOsdD13oxY.SDU5.HedyxyAY0WykyPU7m', 'DOCTOR'),
(7, 'user', 'hospital_patient', '2000-05-20', 'patient', '$2a$10$hvGc.L86BOfx1wa9DEoPdOrsjd8mKz0CxEsbjLavUkc3gQnkttUZe', 'PATIENT'),
(8, 'testuser', 'test', '2021-01-13', 'user2', '$2a$10$fC4SWifxrvFZJJATJB/wz.T8bhNXgMk99hbSs.4PXjgc5BUJFlffS', 'PATIENT'),
(9, 'Кристина Максимовна', 'Архипова', '1993-05-05', 'doctor4', '$2a$10$4s6j1r4To4u8XJJzf3WugOsdD13oxY.SDU5.HedyxyAY0WykyPU7m', 'DOCTOR'),
(10, 'Иван Иванович', 'Иванов', '1990-09-30', 'doctor5', '$2a$10$XPAacio7FyKGvzKL00N86.LZszDUmHTkKanLWVj0WvZEzZ1THPvPW', 'DOCTOR'),
(11, 'Сергей', 'Акимов', '1990-08-20', 'akimov', '$2a$10$hvGc.L86BOfx1wa9DEoPdOrsjd8mKz0CxEsbjLavUkc3gQnkttUZe', 'PATIENT'),
(12, 'Ксения', 'Антонова', '1984-07-15', 'antonova', '$2a$10$hvGc.L86BOfx1wa9DEoPdOrsjd8mKz0CxEsbjLavUkc3gQnkttUZe', 'PATIENT'),
(13, 'Руслан', 'Малинин', '1991-02-28', 'malinin', '$2a$10$hvGc.L86BOfx1wa9DEoPdOrsjd8mKz0CxEsbjLavUkc3gQnkttUZe', 'PATIENT'),
(14, 'Надежда', 'Смирнова', '2001-05-07', 'smirnova', '$2a$10$hvGc.L86BOfx1wa9DEoPdOrsjd8mKz0CxEsbjLavUkc3gQnkttUZe', 'PATIENT'),
(15, 'Егор', 'Чернов', '2003-04-18', 'chernov', '$2a$10$hvGc.L86BOfx1wa9DEoPdOrsjd8mKz0CxEsbjLavUkc3gQnkttUZe', 'PATIENT'),
(16, 'Даниил', 'Белоусов', '2021-02-17', 'korman', '$2a$10$TSI9PPX7lOxqmft48IB4tuCGsjDQP0HRKw8W3WofF91/Jdp1qc1kK', 'PATIENT'),
(17, 'Максим', 'Беляев', '2021-02-11', 'korman2', '$2a$10$BEPfvBYNPn9fSUlxEDh5q.120XRonifhA2nTXGoAGRIqmOYaarjbm', 'PATIENT');

--
-- Индексы сохранённых таблиц
--

--
-- Индексы таблицы `doctor_details`
--
ALTER TABLE `doctor_details`
  ADD PRIMARY KEY (`dd_user_id`);

--
-- Индексы таблицы `page_content`
--
ALTER TABLE `page_content`
  ADD PRIMARY KEY (`pc_id`),
  ADD KEY `page_content_ibfk_1` (`user_role`);

--
-- Индексы таблицы `reviews`
--
ALTER TABLE `reviews`
  ADD PRIMARY KEY (`review_id`),
  ADD UNIQUE KEY `rec_id` (`rec_id`),
  ADD KEY `reviews_ibfk_2` (`rw_patient_id`),
  ADD KEY `reviews_ibfk_3` (`rw_doctor_id`);

--
-- Индексы таблицы `roles`
--
ALTER TABLE `roles`
  ADD PRIMARY KEY (`role_id`),
  ADD KEY `role_name` (`role_name`);

--
-- Индексы таблицы `timetable`
--
ALTER TABLE `timetable`
  ADD PRIMARY KEY (`rec_id`),
  ADD UNIQUE KEY `unique_app` (`date_app`,`time_app`,`doctor_id`) USING BTREE,
  ADD KEY `timetable_ibfk_1` (`doctor_id`),
  ADD KEY `timetable_ibfk_2` (`patient_id`);

--
-- Индексы таблицы `users`
--
ALTER TABLE `users`
  ADD PRIMARY KEY (`user_id`),
  ADD UNIQUE KEY `login` (`login`),
  ADD KEY `users_ibfk_1` (`role`);

--
-- AUTO_INCREMENT для сохранённых таблиц
--

--
-- AUTO_INCREMENT для таблицы `page_content`
--
ALTER TABLE `page_content`
  MODIFY `pc_id` int NOT NULL AUTO_INCREMENT, AUTO_INCREMENT=6;

--
-- AUTO_INCREMENT для таблицы `reviews`
--
ALTER TABLE `reviews`
  MODIFY `review_id` int NOT NULL AUTO_INCREMENT, AUTO_INCREMENT=4;

--
-- AUTO_INCREMENT для таблицы `roles`
--
ALTER TABLE `roles`
  MODIFY `role_id` int NOT NULL AUTO_INCREMENT, AUTO_INCREMENT=5;

--
-- AUTO_INCREMENT для таблицы `timetable`
--
ALTER TABLE `timetable`
  MODIFY `rec_id` int NOT NULL AUTO_INCREMENT, AUTO_INCREMENT=870;

--
-- AUTO_INCREMENT для таблицы `users`
--
ALTER TABLE `users`
  MODIFY `user_id` int NOT NULL AUTO_INCREMENT, AUTO_INCREMENT=18;

--
-- Ограничения внешнего ключа сохраненных таблиц
--

--
-- Ограничения внешнего ключа таблицы `doctor_details`
--
ALTER TABLE `doctor_details`
  ADD CONSTRAINT `doctor_details_ibfk_1` FOREIGN KEY (`dd_user_id`) REFERENCES `users` (`user_id`);

--
-- Ограничения внешнего ключа таблицы `page_content`
--
ALTER TABLE `page_content`
  ADD CONSTRAINT `page_content_ibfk_1` FOREIGN KEY (`user_role`) REFERENCES `roles` (`role_id`);

--
-- Ограничения внешнего ключа таблицы `reviews`
--
ALTER TABLE `reviews`
  ADD CONSTRAINT `reviews_ibfk_1` FOREIGN KEY (`rec_id`) REFERENCES `timetable` (`rec_id`),
  ADD CONSTRAINT `reviews_ibfk_2` FOREIGN KEY (`rw_patient_id`) REFERENCES `users` (`user_id`),
  ADD CONSTRAINT `reviews_ibfk_3` FOREIGN KEY (`rw_doctor_id`) REFERENCES `users` (`user_id`);

--
-- Ограничения внешнего ключа таблицы `timetable`
--
ALTER TABLE `timetable`
  ADD CONSTRAINT `timetable_ibfk_1` FOREIGN KEY (`doctor_id`) REFERENCES `users` (`user_id`),
  ADD CONSTRAINT `timetable_ibfk_2` FOREIGN KEY (`patient_id`) REFERENCES `users` (`user_id`);

--
-- Ограничения внешнего ключа таблицы `users`
--
ALTER TABLE `users`
  ADD CONSTRAINT `users_ibfk_1` FOREIGN KEY (`role`) REFERENCES `roles` (`role_name`);
COMMIT;

/*!40101 SET CHARACTER_SET_CLIENT=@OLD_CHARACTER_SET_CLIENT */;
/*!40101 SET CHARACTER_SET_RESULTS=@OLD_CHARACTER_SET_RESULTS */;
/*!40101 SET COLLATION_CONNECTION=@OLD_COLLATION_CONNECTION */;
